{"train_accuracy":0.8125,"gradients":{"_type":"histogram","values":[1,2,0,1,0,1,0,0,2,1,0,2,2,4,2,3,3,1,4,5,2,5,5,9,8,8,19,31,54,149,497,2190,19119,68389,2235,697,252,116,53,23,15,10,5,8,3,4,2,3,3,3,2,1,2,1,0,1,0,1,1,1,0,0,0,1],"bins":[-0.3349851071834564,-0.3248545825481415,-0.31472402811050415,-0.3045935034751892,-0.29446297883987427,-0.28433242440223694,-0.274201899766922,-0.26407134532928467,-0.2539408206939697,-0.2438102811574936,-0.23367974162101746,-0.22354921698570251,-0.21341867744922638,-0.20328813791275024,-0.1931576132774353,-0.18302707374095917,-0.17289653420448303,-0.1627659946680069,-0.15263545513153076,-0.14250493049621582,-0.13237439095973969,-0.12224385142326355,-0.11211332678794861,-0.10198278725147247,-0.09185224771499634,-0.0817217230796814,-0.07159116864204407,-0.061460644006729126,-0.051330119371414185,-0.041199564933776855,-0.031069040298461914,-0.020938485860824585,-0.010807961225509644,-0.0006774365901947021,0.009453117847442627,0.01958364248275757,0.029714196920394897,0.03984472155570984,0.04997524619102478,0.06010580062866211,0.07023632526397705,0.08036684989929199,0.09049740433692932,0.10062792897224426,0.1107584536075592,0.12088900804519653,0.13101953268051147,0.1411500871181488,0.15128061175346375,0.1614111363887787,0.17154166102409363,0.18167224526405334,0.1918027698993683,0.20193329453468323,0.21206381916999817,0.2221943438053131,0.23232486844062805,0.24245545268058777,0.2525859773159027,0.26271650195121765,0.2728470265865326,0.28297755122184753,0.29310813546180725,0.3032386600971222,0.31336918473243713]},"_timestamp":1.7682098658015912e+09,"input_grid":{"format":"png","width":152,"height":32,"caption":"Epoch 0 – inputs","_type":"image-file","sha256":"c6ee557d87915e50a673b0f48aeefb163d53d2522ef103b11d5b23563776344f","size":2037,"path":"media/images/input_grid_919_c6ee557d87915e50a673.png"},"_wandb":{"runtime":8},"_runtime":8,"_step":956,"iter":936,"train_loss":0.5518054962158203,"epoch":0}
