{"train_loss":0.0835653692483902,"train_accuracy":1,"_timestamp":1.7678770205467e+09,"_step":4689,"_wandb":{"runtime":37},"_runtime":37}