{"_runtime":5,"_step":0,"train_loss":2.3333377838134766,"train_accuracy":0.03125,"_timestamp":1.767877171936998e+09,"_wandb":{"runtime":5}}
