{"_wandb":{"runtime":1},"_step":0,"train_loss":2.3433570861816406,"train_accuracy":0.09375,"_timestamp":1.767878247154855e+09,"_runtime":1}
